,mês,data,id_cliente,propriedade,produtor,insumos,valor_venda
54,Janeiro,2021-01-05,515,14.4,HF,Fertilizantes,1980.5
138,Janeiro,2021-01-10,3831,12.0,HF,Defensivo,5635.48
370,Janeiro,2021-01-21,4487,298.08,Café,Fertilizantes,245753.6
526,Janeiro,2021-01-26,3831,12.0,HF,Defensivo,18784.92
544,Janeiro,2021-01-27,2256,13.2,HF,Fertilizantes,1286.04
672,Janeiro,2021-01-31,3831,12.0,HF,Defensivo,4132.68
855,Fevereiro,2021-02-05,3210,13.2,HF,Defensivo,21418.6
878,Fevereiro,2021-02-06,515,14.4,HF,Sementes,3095.4
921,Fevereiro,2021-02-07,923,20.4,HF,Sementes,4070.25
953,Fevereiro,2021-02-08,515,14.4,HF,Defensivo,875.3
961,Fevereiro,2021-02-08,2256,13.2,HF,Defensivo,19045.14
977,Fevereiro,2021-02-08,3831,12.0,HF,Fertilizantes,2314.88
1030,Fevereiro,2021-02-10,923,20.4,HF,Fertilizantes,12346.0
1055,Fevereiro,2021-02-10,3831,12.0,HF,Fertilizantes,9028.01
1074,Fevereiro,2021-02-11,923,20.4,HF,Fertilizantes,10802.75
1092,Fevereiro,2021-02-11,3210,13.2,HF,Sementes,991.47
1096,Fevereiro,2021-02-11,3831,12.0,HF,Sementes,7326.45
1114,Fevereiro,2021-02-12,923,20.4,HF,Defensivo,34244.83
1425,Fevereiro,2021-02-19,515,14.4,HF,Sementes,283.86
1444,Fevereiro,2021-02-19,3210,13.2,HF,Defensivo,5924.29
1566,Fevereiro,2021-02-22,3210,13.2,HF,Fertilizantes,5144.17
1694,Fevereiro,2021-02-25,923,20.4,HF,Sementes,904.68
1695,Fevereiro,2021-02-25,923,20.4,HF,Defensivo,9219.76
1745,Fevereiro,2021-02-26,2256,13.2,HF,Fertilizantes,4629.75
1790,Fevereiro,2021-02-27,3479,269.28,Grãos - MAPITOBA,Sementes,20825.0
1808,Fevereiro,2021-02-28,515,14.4,HF,Defensivo,6564.74
1969,Março,2021-03-03,3210,13.2,HF,Sementes,6130.5
2275,Março,2021-03-10,2256,13.2,HF,Defensivo,1858.07
2382,Março,2021-03-12,3831,12.0,HF,Sementes,3330.76
2528,Março,2021-03-15,2256,13.2,HF,Defensivo,4645.16
2608,Março,2021-03-17,515,14.4,HF,Defensivo,25383.64
2652,Março,2021-03-18,923,20.4,HF,Defensivo,1975.67
2680,Março,2021-03-18,4487,298.08,Café,Fertilizantes,194316.8
2695,Março,2021-03-19,923,20.4,HF,Defensivo,7902.66
2807,Março,2021-03-21,2256,13.2,HF,Defensivo,6503.22
2842,Março,2021-03-22,1635,560.4,Grãos - MAPITOBA,Fertilizantes,135430.0
2915,Março,2021-03-23,4487,298.08,Café,Fertilizantes,11430.4
3056,Março,2021-03-26,4487,298.08,Café,Defensivo,4562.97
3302,Abril,2021-04-01,4087,5834.4,Grãos - MAPITOBA,Fertilizantes,1215540.0
3393,Abril,2021-04-03,3210,13.2,HF,Defensivo,6835.72
3415,Abril,2021-04-03,4621,375.84,Grãos - MAPITOBA,Sementes,21567.0
3516,Abril,2021-04-06,345,172.8,Grãos - MAPITOBA,Sementes,35098.0
3527,Abril,2021-04-06,1635,560.4,Grãos - MAPITOBA,Defensivo,111356.06
3576,Abril,2021-04-07,646,678.13,Grãos - MAPITOBA,Fertilizantes,184380.0
3594,Abril,2021-04-07,2808,547.2,Grãos - MAPITOBA,Defensivo,98224.24
3640,Abril,2021-04-08,3210,13.2,HF,Fertilizantes,2572.08
3807,Abril,2021-04-11,2848,10130.4,Algodão,Sementes,731671.2
3835,Abril,2021-04-12,876,2731.2,Grãos - MAPITOBA,Fertilizantes,386920.0
3903,Abril,2021-04-13,2802,11908.8,Grãos - MAPITOBA,Defensivo,2502954.59
3904,Abril,2021-04-13,2848,10130.4,Algodão,Defensivo,6338637.28
4211,Abril,2021-04-19,2796,354.24,Grãos - MAPITOBA,Fertilizantes,96320.0
4227,Abril,2021-04-19,4076,246.24,Grãos - MAPITOBA,Sementes,10850.0
4242,Abril,2021-04-20,95,7326.0,Algodão,Sementes,454501.2
4308,Abril,2021-04-21,515,14.4,HF,Sementes,10944.45
4362,Abril,2021-04-21,4268,347.04,Grãos - MAPITOBA,Defensivo,46840.55
4366,Abril,2021-04-21,4487,298.08,Café,Defensivo,133846.8
4427,Abril,2021-04-22,4087,5834.4,Grãos - MAPITOBA,Sementes,1055719.0
4434,Abril,2021-04-22,4665,192.96,Grãos - MAPITOBA,Defensivo,3315.2
4580,Abril,2021-04-25,2848,10130.4,Algodão,Sementes,109891.73
4641,Abril,2021-04-26,2796,354.24,Grãos - MAPITOBA,Sementes,27440.0
4642,Abril,2021-04-26,2808,547.2,Grãos - MAPITOBA,Sementes,13705.43
4694,Abril,2021-04-27,1974,259.2,Grãos - MAPITOBA,Fertilizantes,63960.0
4739,Abril,2021-04-28,908,459.36,Grãos - MAPITOBA,Defensivo,80249.22
4740,Abril,2021-04-28,968,892.8,Grãos - MAPITOBA,Defensivo,106887.55
4742,Abril,2021-04-28,1192,2391.84,Grãos - Cerrado,Defensivo,308588.78
4769,Abril,2021-04-28,3407,532.8,Grãos - MAPITOBA,Defensivo,111711.65
4789,Abril,2021-04-28,4971,558.0,Grãos - MAPITOBA,Sementes,8137.5
4829,Abril,2021-04-29,2256,13.2,HF,Defensivo,6967.74
4861,Abril,2021-04-30,515,14.4,HF,Defensivo,4376.49
4869,Abril,2021-04-30,1376,554.4,Grãos - MAPITOBA,Sementes,101871.0
4888,Abril,2021-04-30,3210,13.2,HF,Defensivo,911.43
5088,Maio,2021-05-03,3479,269.28,Grãos - MAPITOBA,Fertilizantes,34000.0
5092,Maio,2021-05-03,3953,172.8,Grãos - MAPITOBA,Defensivo,25779.66
5181,Maio,2021-05-05,95,7326.0,Algodão,Sementes,231379.93
5193,Maio,2021-05-05,1635,560.4,Grãos - MAPITOBA,Sementes,124222.0
5259,Maio,2021-05-06,485,16924.8,Grãos - MAPITOBA,Sementes,1416901.5
5309,Maio,2021-05-06,4588,512.64,Grãos - MAPITOBA,Fertilizantes,155520.0
5376,Maio,2021-05-07,4330,2775.6,Grãos - MAPITOBA,Fertilizantes,946350.0
5392,Maio,2021-05-08,646,678.13,Grãos - MAPITOBA,Defensivo,16736.98
5472,Maio,2021-05-09,1192,2391.84,Grãos - Cerrado,Defensivo,31488.69
5476,Maio,2021-05-09,1394,685.15,Grãos - MAPITOBA,Fertilizantes,117120.0
5493,Maio,2021-05-09,2256,13.2,HF,Defensivo,7432.25
5531,Maio,2021-05-09,4487,298.08,Café,Defensivo,3041.98
5562,Maio,2021-05-10,995,513.6,Grãos - MAPITOBA,Defensivo,48348.26
5564,Maio,2021-05-10,1192,2391.84,Grãos - Cerrado,Fertilizantes,105700.0
5638,Maio,2021-05-11,908,459.36,Grãos - MAPITOBA,Sementes,8359.94
5699,Maio,2021-05-11,4971,558.0,Grãos - MAPITOBA,Fertilizantes,158100.0
5719,Maio,2021-05-12,1394,685.15,Grãos - MAPITOBA,Defensivo,124682.17
5755,Maio,2021-05-12,3733,541.2,Grãos - MAPITOBA,Fertilizantes,193930.0
5794,Maio,2021-05-13,908,459.36,Grãos - MAPITOBA,Fertilizantes,145000.0
5803,Maio,2021-05-13,1635,560.4,Grãos - MAPITOBA,Sementes,24517.5
5821,Maio,2021-05-13,2796,354.24,Grãos - MAPITOBA,Defensivo,29107.8
5962,Maio,2021-05-15,646,678.13,Grãos - MAPITOBA,Fertilizantes,166820.0
6065,Maio,2021-05-16,1192,2391.84,Grãos - Cerrado,Sementes,406945.0
6220,Maio,2021-05-17,4588,512.64,Grãos - MAPITOBA,Fertilizantes,139320.0
6221,Maio,2021-05-17,4592,499.68,Grãos - MAPITOBA,Sementes,36382.5
6235,Maio,2021-05-18,485,16924.8,Grãos - MAPITOBA,Fertilizantes,3395340.0
6300,Maio,2021-05-18,4330,2775.6,Grãos - MAPITOBA,Fertilizantes,820170.0
6319,Maio,2021-05-19,622,685.15,Grãos - MAPITOBA,Defensivo,121723.3
6366,Maio,2021-05-19,2848,10130.4,Algodão,Defensivo,283820.18
6401,Maio,2021-05-20,95,7326.0,Algodão,Defensivo,431391.68
6448,Maio,2021-05-20,1845,564.0,Grãos - MAPITOBA,Defensivo,2494.45
6501,Maio,2021-05-20,4868,555.6,Grãos - MAPITOBA,Defensivo,82316.68
6520,Maio,2021-05-21,622,685.15,Grãos - MAPITOBA,Fertilizantes,17760.0
6600,Maio,2021-05-21,4868,555.6,Grãos - MAPITOBA,Defensivo,1583.02
6601,Maio,2021-05-21,4868,555.6,Grãos - MAPITOBA,Sementes,20766.51
6607,Maio,2021-05-22,95,7326.0,Algodão,Fertilizantes,5980874.0
6612,Maio,2021-05-22,485,16924.8,Grãos - MAPITOBA,Defensivo,3782674.18
6623,Maio,2021-05-22,908,459.36,Grãos - MAPITOBA,Sementes,2030.0
6784,Maio,2021-05-23,4592,499.68,Grãos - MAPITOBA,Fertilizantes,69300.0
6791,Maio,2021-05-23,4971,558.0,Grãos - MAPITOBA,Defensivo,68906.58
6858,Maio,2021-05-24,3733,541.2,Grãos - MAPITOBA,Defensivo,151586.26
6911,Maio,2021-05-25,2256,13.2,HF,Fertilizantes,7973.46
6924,Maio,2021-05-25,2796,354.24,Grãos - MAPITOBA,Defensivo,1984.63
6955,Maio,2021-05-25,4532,226.08,Grãos - Sul,Fertilizantes,29601.0
6957,Maio,2021-05-25,4588,512.64,Grãos - MAPITOBA,Defensivo,58761.82
6981,Maio,2021-05-26,488,505.44,Grãos - MAPITOBA,Defensivo,17440.52
7055,Maio,2021-05-26,4405,416.16,Grãos - MAPITOBA,Defensivo,51810.11
7212,Maio,2021-05-28,2256,13.2,HF,Fertilizantes,8230.67
7304,Maio,2021-05-29,2802,11908.8,Grãos - MAPITOBA,Fertilizantes,2572920.0
7324,Maio,2021-05-29,4087,5834.4,Grãos - MAPITOBA,Defensivo,850343.76
7328,Maio,2021-05-29,4330,2775.6,Grãos - MAPITOBA,Sementes,41015.63
7365,Maio,2021-05-30,923,20.4,HF,Defensivo,1975.67
7374,Maio,2021-05-30,1394,685.15,Grãos - MAPITOBA,Sementes,87108.0
7418,Maio,2021-05-30,4076,246.24,Grãos - MAPITOBA,Fertilizantes,15500.0
7445,Maio,2021-05-31,485,16924.8,Grãos - MAPITOBA,Sementes,144462.37
7489,Maio,2021-05-31,2802,11908.8,Grãos - MAPITOBA,Defensivo,372061.01
7505,Maio,2021-05-31,3407,532.8,Grãos - MAPITOBA,Defensivo,3786.85
7515,Maio,2021-05-31,3831,12.0,HF,Defensivo,5259.78
7618,Junho,2021-06-01,3953,172.8,Grãos - MAPITOBA,Sementes,26323.5
7630,Junho,2021-06-01,4487,298.08,Café,Defensivo,1521.0
7702,Junho,2021-06-02,2848,10130.4,Algodão,Fertilizantes,7191640.0
7715,Junho,2021-06-02,3479,269.28,Grãos - MAPITOBA,Fertilizantes,34000.0
7722,Junho,2021-06-02,3831,12.0,HF,Defensivo,1502.8
7734,Junho,2021-06-02,4621,375.84,Grãos - MAPITOBA,Defensivo,7450.14
7735,Junho,2021-06-02,4621,375.84,Grãos - MAPITOBA,Defensivo,47184.19
7748,Junho,2021-06-03,345,172.8,Grãos - MAPITOBA,Fertilizantes,46870.0
7779,Junho,2021-06-03,1845,564.0,Grãos - MAPITOBA,Fertilizantes,141000.0
7796,Junho,2021-06-03,2802,11908.8,Grãos - MAPITOBA,Fertilizantes,918900.0
7837,Junho,2021-06-03,4665,192.96,Grãos - MAPITOBA,Defensivo,35046.42
7854,Junho,2021-06-04,646,678.13,Grãos - MAPITOBA,Sementes,53777.5
8061,Junho,2021-06-05,4971,558.0,Grãos - MAPITOBA,Defensivo,26389.76
8083,Junho,2021-06-06,923,20.4,HF,Defensivo,10536.87
8147,Junho,2021-06-06,4076,246.24,Grãos - MAPITOBA,Defensivo,806.6
8157,Junho,2021-06-06,4405,416.16,Grãos - MAPITOBA,Sementes,1724.38
8285,Junho,2021-06-08,345,172.8,Grãos - MAPITOBA,Fertilizantes,40330.0
8288,Junho,2021-06-08,485,16924.8,Grãos - MAPITOBA,Fertilizantes,130590.0
8289,Junho,2021-06-08,488,505.44,Grãos - MAPITOBA,Fertilizantes,66990.0
8296,Junho,2021-06-08,646,678.13,Grãos - MAPITOBA,Defensivo,8368.5
8386,Junho,2021-06-09,95,7326.0,Algodão,Defensivo,4313912.41
8402,Junho,2021-06-09,732,216.0,Grãos - MAPITOBA,Defensivo,26273.59
8448,Junho,2021-06-09,2808,547.2,Grãos - MAPITOBA,Sementes,25536.0
8506,Junho,2021-06-10,345,172.8,Grãos - MAPITOBA,Defensivo,26680.19
8571,Junho,2021-06-10,2796,354.24,Grãos - MAPITOBA,Defensivo,10584.66
8594,Junho,2021-06-10,3953,172.8,Grãos - MAPITOBA,Defensivo,4092.01
8595,Junho,2021-06-10,3953,172.8,Grãos - MAPITOBA,Fertilizantes,5450.0
8612,Junho,2021-06-10,4665,192.96,Grãos - MAPITOBA,Defensivo,947.2
8617,Junho,2021-06-10,4868,555.6,Grãos - MAPITOBA,Sementes,53046.0
8656,Junho,2021-06-11,1376,554.4,Grãos - MAPITOBA,Fertilizantes,64680.0
8726,Junho,2021-06-11,4405,416.16,Grãos - MAPITOBA,Fertilizantes,7890.0
8835,Junho,2021-06-12,4868,555.6,Grãos - MAPITOBA,Fertilizantes,71570.0
8881,Junho,2021-06-13,1376,554.4,Grãos - MAPITOBA,Sementes,82467.0
8938,Junho,2021-06-13,4268,347.04,Grãos - MAPITOBA,Sementes,68985.0
8952,Junho,2021-06-13,4665,192.96,Grãos - MAPITOBA,Fertilizantes,46360.0
8978,Junho,2021-06-14,485,16924.8,Grãos - MAPITOBA,Sementes,91413.0
8979,Junho,2021-06-14,515,14.4,HF,Defensivo,4376.49
8988,Junho,2021-06-14,968,892.8,Grãos - MAPITOBA,Sementes,13818.0
9048,Junho,2021-06-14,3954,68.4,Grãos - Sul,Fertilizantes,12168.0
9057,Junho,2021-06-14,4268,347.04,Grãos - MAPITOBA,Fertilizantes,19710.0
9071,Junho,2021-06-15,95,7326.0,Algodão,Fertilizantes,6240912.0
9089,Junho,2021-06-15,732,216.0,Grãos - MAPITOBA,Sementes,15232.0
9094,Junho,2021-06-15,876,2731.2,Grãos - MAPITOBA,Sementes,82428.22
9138,Junho,2021-06-15,3210,13.2,HF,Defensivo,7291.44
9147,Junho,2021-06-15,3407,532.8,Grãos - MAPITOBA,Sementes,76356.0
9151,Junho,2021-06-15,3479,269.28,Grãos - MAPITOBA,Defensivo,4529.28
9171,Junho,2021-06-15,4665,192.96,Grãos - MAPITOBA,Sementes,14518.0
9177,Junho,2021-06-15,4971,558.0,Grãos - MAPITOBA,Sementes,15011.57
9231,Junho,2021-06-16,2848,10130.4,Algodão,Defensivo,283820.19
9254,Junho,2021-06-16,3733,541.2,Grãos - MAPITOBA,Sementes,25256.0
9264,Junho,2021-06-16,3953,172.8,Grãos - MAPITOBA,Defensivo,4910.41
9266,Junho,2021-06-16,4076,246.24,Grãos - MAPITOBA,Defensivo,27424.19
9276,Junho,2021-06-16,4621,375.84,Grãos - MAPITOBA,Sementes,14881.46
9396,Junho,2021-06-17,4868,555.6,Grãos - MAPITOBA,Defensivo,9498.09
9506,Junho,2021-06-19,408,573.6,Grãos - Sul,Defensivo,126948.2
9535,Junho,2021-06-19,1974,259.2,Grãos - MAPITOBA,Defensivo,22326.36
9557,Junho,2021-06-19,2802,11908.8,Grãos - MAPITOBA,Sementes,377503.59
9604,Junho,2021-06-19,4588,512.64,Grãos - MAPITOBA,Sementes,53298.0
9703,Junho,2021-06-20,4405,416.16,Grãos - MAPITOBA,Sementes,23012.5
9779,Junho,2021-06-21,2848,10130.4,Algodão,Fertilizantes,179791.0
9787,Junho,2021-06-21,3210,13.2,HF,Defensivo,3190.01
9816,Junho,2021-06-21,4592,499.68,Grãos - MAPITOBA,Defensivo,48528.27
9835,Junho,2021-06-22,488,505.44,Grãos - MAPITOBA,Defensivo,55809.66
9837,Junho,2021-06-22,622,685.15,Grãos - MAPITOBA,Sementes,125874.0
9934,Junho,2021-06-22,4797,1346.4,Grãos - Sul,Defensivo,226265.56
9969,Junho,2021-06-23,995,513.6,Grãos - MAPITOBA,Sementes,125258.0
10039,Junho,2021-06-23,4268,347.04,Grãos - MAPITOBA,Fertilizantes,39420.0
10156,Junho,2021-06-24,4665,192.96,Grãos - MAPITOBA,Fertilizantes,9760.0
10187,Junho,2021-06-25,995,513.6,Grãos - MAPITOBA,Defensivo,18130.6
10193,Junho,2021-06-25,1192,2391.84,Grãos - Cerrado,Fertilizantes,286900.0
10273,Junho,2021-06-25,4971,558.0,Grãos - MAPITOBA,Fertilizantes,176700.0
10282,Junho,2021-06-26,408,573.6,Grãos - Sul,Fertilizantes,163476.0
10285,Junho,2021-06-26,488,505.44,Grãos - MAPITOBA,Sementes,24667.94
10287,Junho,2021-06-26,515,14.4,HF,Defensivo,2188.25
10295,Junho,2021-06-26,876,2731.2,Grãos - MAPITOBA,Sementes,207116.0
10424,Junho,2021-06-27,876,2731.2,Grãos - MAPITOBA,Defensivo,306462.79
10430,Junho,2021-06-27,1213,221.76,Grãos - MAPITOBA,Defensivo,26374.8
10489,Junho,2021-06-27,3806,1307.52,Grãos - MAPITOBA,Fertilizantes,8250.0
10617,Junho,2021-06-28,3806,1307.52,Grãos - MAPITOBA,Sementes,147262.5
10621,Junho,2021-06-28,4087,5834.4,Grãos - MAPITOBA,Sementes,329632.31
10631,Junho,2021-06-28,4405,416.16,Grãos - MAPITOBA,Sementes,64435.0
10638,Junho,2021-06-28,4588,512.64,Grãos - MAPITOBA,Sementes,21176.39
10639,Junho,2021-06-28,4592,499.68,Grãos - MAPITOBA,Defensivo,5199.46
10695,Junho,2021-06-29,2043,272.16,Grãos - Sul,Fertilizantes,32508.0
10716,Junho,2021-06-29,2848,10130.4,Algodão,Sementes,431498.4
10742,Junho,2021-06-29,3806,1307.52,Grãos - MAPITOBA,Fertilizantes,404250.0
10811,Junho,2021-06-30,1635,560.4,Grãos - MAPITOBA,Defensivo,1953.63
10835,Junho,2021-06-30,2802,11908.8,Grãos - MAPITOBA,Defensivo,202942.47
10836,Junho,2021-06-30,2808,547.2,Grãos - MAPITOBA,Fertilizantes,22800.0
10909,Julho,2021-07-01,995,513.6,Grãos - MAPITOBA,Fertilizantes,42790.0
10930,Julho,2021-07-01,1845,564.0,Grãos - MAPITOBA,Defensivo,77327.8
10989,Julho,2021-07-01,4330,2775.6,Grãos - MAPITOBA,Sementes,544677.0
11001,Julho,2021-07-01,4621,375.84,Grãos - MAPITOBA,Fertilizantes,7110.0
11033,Julho,2021-07-02,908,459.36,Grãos - MAPITOBA,Fertilizantes,29000.0
11061,Julho,2021-07-02,1974,259.2,Grãos - MAPITOBA,Sementes,17220.0
11093,Julho,2021-07-02,3407,532.8,Grãos - MAPITOBA,Fertilizantes,84840.0
11115,Julho,2021-07-02,4076,246.24,Grãos - MAPITOBA,Fertilizantes,63550.0
11119,Julho,2021-07-02,4284,3457.2,Grãos - Sul,Defensivo,367243.11
11200,Julho,2021-07-03,2802,11908.8,Grãos - MAPITOBA,Fertilizantes,459450.0
11221,Julho,2021-07-03,3733,541.2,Grãos - MAPITOBA,Sementes,108916.5
11284,Julho,2021-07-04,1376,554.4,Grãos - MAPITOBA,Defensivo,163785.09
11299,Julho,2021-07-04,1974,259.2,Grãos - MAPITOBA,Defensivo,6251.38
11357,Julho,2021-07-04,4532,226.08,Grãos - Sul,Defensivo,34694.93
11414,Julho,2021-07-05,1891,538.56,Grãos - Sul,Defensivo,50531.22
11461,Julho,2021-07-05,3806,1307.52,Grãos - MAPITOBA,Defensivo,197271.63
11472,Julho,2021-07-05,4268,347.04,Grãos - MAPITOBA,Defensivo,10219.76
11480,Julho,2021-07-05,4588,512.64,Grãos - MAPITOBA,Defensivo,932.73
11521,Julho,2021-07-06,1213,221.76,Grãos - MAPITOBA,Sementes,4900.0
11557,Julho,2021-07-06,2802,11908.8,Grãos - MAPITOBA,Sementes,2516150.0
11580,Julho,2021-07-06,3831,12.0,HF,Defensivo,2254.19
11595,Julho,2021-07-06,4405,416.16,Grãos - MAPITOBA,Defensivo,11263.07
11627,Julho,2021-07-07,732,216.0,Grãos - MAPITOBA,Fertilizantes,25840.0
11632,Julho,2021-07-07,968,892.8,Grãos - MAPITOBA,Fertilizantes,248160.0
11637,Julho,2021-07-07,1213,221.76,Grãos - MAPITOBA,Defensivo,3367.0
11652,Julho,2021-07-07,1845,564.0,Grãos - MAPITOBA,Sementes,131210.0
11653,Julho,2021-07-07,1845,564.0,Grãos - MAPITOBA,Defensivo,11225.01
11657,Julho,2021-07-07,1974,259.2,Grãos - MAPITOBA,Fertilizantes,29520.0
11710,Julho,2021-07-07,3953,172.8,Grãos - MAPITOBA,Defensivo,4092.01
11716,Julho,2021-07-07,4087,5834.4,Grãos - MAPITOBA,Defensivo,43983.39
11723,Julho,2021-07-07,4284,3457.2,Grãos - Sul,Fertilizantes,72036.0
11759,Julho,2021-07-08,732,216.0,Grãos - MAPITOBA,Sementes,12189.53
11768,Julho,2021-07-08,995,513.6,Grãos - MAPITOBA,Defensivo,21756.72
11770,Julho,2021-07-08,1045,700.6,Grãos - Sul,Fertilizantes,85329.0
11793,Julho,2021-07-08,1891,538.56,Grãos - Sul,Fertilizantes,48960.0
11828,Julho,2021-07-08,3479,269.28,Grãos - MAPITOBA,Defensivo,43998.72
11838,Julho,2021-07-08,3806,1307.52,Grãos - MAPITOBA,Sementes,47493.45
11845,Julho,2021-07-08,4076,246.24,Grãos - MAPITOBA,Sementes,5098.19
11899,Julho,2021-07-09,1213,221.76,Grãos - MAPITOBA,Fertilizantes,56000.0
11906,Julho,2021-07-09,1376,554.4,Grãos - MAPITOBA,Fertilizantes,27720.0
11947,Julho,2021-07-09,3407,532.8,Grãos - MAPITOBA,Fertilizantes,96960.0
11966,Julho,2021-07-09,4265,531.36,Grãos - Sul,Defensivo,69321.26
11989,Julho,2021-07-10,95,7326.0,Algodão,Defensivo,934681.39
11997,Julho,2021-07-10,345,172.8,Grãos - MAPITOBA,Sementes,2592.2
12031,Julho,2021-07-10,1635,560.4,Grãos - MAPITOBA,Defensivo,25397.01
12066,Julho,2021-07-10,3439,322.56,Grãos - Sul,Sementes,4998.0
12092,Julho,2021-07-10,4487,298.08,Café,Fertilizantes,251468.8
12094,Julho,2021-07-10,4592,499.68,Grãos - MAPITOBA,Defensivo,8665.77
12114,Julho,2021-07-11,488,505.44,Grãos - MAPITOBA,Fertilizantes,153120.0
12177,Julho,2021-07-11,3407,532.8,Grãos - MAPITOBA,Defensivo,22721.02
12232,Julho,2021-07-12,345,172.8,Grãos - MAPITOBA,Defensivo,6775.92
12243,Julho,2021-07-12,622,685.15,Grãos - MAPITOBA,Defensivo,11411.57
12244,Julho,2021-07-12,622,685.15,Grãos - MAPITOBA,Defensivo,22823.13
12316,Julho,2021-07-12,3733,541.2,Grãos - MAPITOBA,Sementes,6729.69
12323,Julho,2021-07-12,3867,91.2,Grãos - Sul,Fertilizantes,8073.0
12328,Julho,2021-07-12,3986,525.6,Grãos - Sul,Sementes,2439.32
12335,Julho,2021-07-12,4087,5834.4,Grãos - MAPITOBA,Defensivo,87966.68
12365,Julho,2021-07-13,345,172.8,Grãos - MAPITOBA,Defensivo,4658.45
12366,Julho,2021-07-13,345,172.8,Grãos - MAPITOBA,Fertilizantes,34880.0
12375,Julho,2021-07-13,622,685.15,Grãos - MAPITOBA,Sementes,17985.84
12381,Julho,2021-07-13,908,459.36,Grãos - MAPITOBA,Defensivo,13374.88
12479,Julho,2021-07-13,4330,2775.6,Grãos - MAPITOBA,Defensivo,37453.29
12480,Julho,2021-07-13,4330,2775.6,Grãos - MAPITOBA,Defensivo,374532.55
12650,Julho,2021-07-15,556,1143.36,Grãos - Sul,Defensivo,86760.79
12728,Julho,2021-07-15,3733,541.2,Grãos - MAPITOBA,Defensivo,17080.15
12729,Julho,2021-07-15,3778,397.44,Grãos - Sul,Defensivo,55640.43
12730,Julho,2021-07-15,3778,397.44,Grãos - Sul,Fertilizantes,29367.0
12734,Julho,2021-07-15,3806,1307.52,Grãos - MAPITOBA,Defensivo,27784.75
12750,Julho,2021-07-15,4487,298.08,Café,Defensivo,1521.0
12796,Julho,2021-07-16,1192,2391.84,Grãos - Cerrado,Fertilizantes,528500.0
12815,Julho,2021-07-16,1974,259.2,Grãos - MAPITOBA,Fertilizantes,42640.0
12834,Julho,2021-07-16,2796,354.24,Grãos - MAPITOBA,Sementes,15680.0
12836,Julho,2021-07-16,2808,547.2,Grãos - MAPITOBA,Fertilizantes,18240.0
12860,Julho,2021-07-16,3953,172.8,Grãos - MAPITOBA,Fertilizantes,16350.0
12884,Julho,2021-07-16,4797,1346.4,Grãos - Sul,Sementes,175525.0
12928,Julho,2021-07-17,1394,685.15,Grãos - MAPITOBA,Defensivo,1558.54
12946,Julho,2021-07-17,1845,564.0,Grãos - MAPITOBA,Sementes,78960.0
12995,Julho,2021-07-17,3875,690.77,Grãos - Sul,Fertilizantes,26568.0
13105,Julho,2021-07-18,2802,11908.8,Grãos - MAPITOBA,Sementes,2087504.0
13126,Julho,2021-07-18,3439,322.56,Grãos - Sul,Fertilizantes,64260.0
13127,Julho,2021-07-18,3453,279.36,Grãos - Sul,Fertilizantes,53856.0
13173,Julho,2021-07-19,732,216.0,Grãos - MAPITOBA,Fertilizantes,29920.0
13180,Julho,2021-07-19,908,459.36,Grãos - MAPITOBA,Defensivo,18724.82
13311,Julho,2021-07-20,908,459.36,Grãos - MAPITOBA,Fertilizantes,72500.0
13314,Julho,2021-07-20,968,892.8,Grãos - MAPITOBA,Defensivo,14493.24
13322,Julho,2021-07-20,1376,554.4,Grãos - MAPITOBA,Sementes,27583.49
13376,Julho,2021-07-20,3778,397.44,Grãos - Sul,Fertilizantes,31626.0
13527,Julho,2021-07-21,4592,499.68,Grãos - MAPITOBA,Fertilizantes,15750.0
13636,Julho,2021-07-22,3733,541.2,Grãos - MAPITOBA,Defensivo,4270.05
13653,Julho,2021-07-22,4592,499.68,Grãos - MAPITOBA,Fertilizantes,6300.0
13687,Julho,2021-07-23,732,216.0,Grãos - MAPITOBA,Defensivo,2284.66
13824,Julho,2021-07-24,408,573.6,Grãos - Sul,Sementes,23654.71
13838,Julho,2021-07-24,1045,700.6,Grãos - Sul,Fertilizantes,143712.0
13846,Julho,2021-07-24,1376,554.4,Grãos - MAPITOBA,Defensivo,20732.3
13860,Julho,2021-07-24,1845,564.0,Grãos - MAPITOBA,Sementes,24792.73
13919,Julho,2021-07-24,4076,246.24,Grãos - MAPITOBA,Sementes,23327.5
13958,Julho,2021-07-25,876,2731.2,Grãos - MAPITOBA,Defensivo,81306.48
13996,Julho,2021-07-25,2043,272.16,Grãos - Sul,Sementes,33110.0
14018,Julho,2021-07-25,2808,547.2,Grãos - MAPITOBA,Fertilizantes,118560.0
14019,Julho,2021-07-25,2848,10130.4,Algodão,Defensivo,567639.76
14051,Julho,2021-07-25,4087,5834.4,Grãos - MAPITOBA,Fertilizantes,1485660.0
14109,Julho,2021-07-26,968,892.8,Grãos - MAPITOBA,Sementes,3492.21
14159,Julho,2021-07-26,2808,547.2,Grãos - MAPITOBA,Fertilizantes,173280.0
14160,Julho,2021-07-26,2890,576.0,Grãos - Sul,Defensivo,74582.73
14180,Julho,2021-07-26,3453,279.36,Grãos - Sul,Defensivo,3001.62
14190,Julho,2021-07-26,3875,690.77,Grãos - Sul,Defensivo,100555.49
14279,Julho,2021-07-27,1779,285.12,Grãos - Sul,Defensivo,50310.69
14284,Julho,2021-07-27,1891,538.56,Grãos - Sul,Sementes,4760.0
14304,Julho,2021-07-27,2808,547.2,Grãos - MAPITOBA,Defensivo,16370.71
14418,Julho,2021-07-28,1376,554.4,Grãos - MAPITOBA,Defensivo,2073.24
14454,Julho,2021-07-28,2796,354.24,Grãos - MAPITOBA,Sementes,9402.71
14484,Julho,2021-07-28,3954,68.4,Grãos - Sul,Defensivo,12353.73
14500,Julho,2021-07-28,4665,192.96,Grãos - MAPITOBA,Sementes,8397.55
14662,Julho,2021-07-30,646,678.13,Grãos - MAPITOBA,Defensivo,102095.53
14699,Julho,2021-07-30,1779,285.12,Grãos - Sul,Fertilizantes,42120.0
14776,Julho,2021-07-30,4971,558.0,Grãos - MAPITOBA,Fertilizantes,97650.0
14833,Julho,2021-07-31,1974,259.2,Grãos - MAPITOBA,Defensivo,8930.55
14871,Julho,2021-07-31,3453,279.36,Grãos - Sul,Sementes,21560.0
14889,Julho,2021-07-31,4265,531.36,Grãos - Sul,Fertilizantes,57285.0
15019,Agosto,2021-08-01,4515,1272.96,Grãos - Sul,Defensivo,120504.65
15055,Agosto,2021-08-02,995,513.6,Grãos - MAPITOBA,Fertilizantes,77800.0
15098,Agosto,2021-08-02,2808,547.2,Grãos - MAPITOBA,Defensivo,1259.29
15124,Agosto,2021-08-02,3407,532.8,Grãos - MAPITOBA,Fertilizantes,153520.0
15244,Agosto,2021-08-03,2848,10130.4,Algodão,Defensivo,756852.78
15259,Agosto,2021-08-03,3453,279.36,Grãos - Sul,Defensivo,46224.95
15288,Agosto,2021-08-03,4265,531.36,Grãos - Sul,Sementes,66832.5
15289,Agosto,2021-08-03,4284,3457.2,Grãos - Sul,Sementes,140947.61
15298,Agosto,2021-08-03,4515,1272.96,Grãos - Sul,Fertilizantes,166428.0
15432,Agosto,2021-08-04,4265,531.36,Grãos - Sul,Fertilizantes,66330.0
15466,Agosto,2021-08-05,646,678.13,Grãos - MAPITOBA,Defensivo,20084.38
15487,Agosto,2021-08-05,1376,554.4,Grãos - MAPITOBA,Defensivo,6219.7
15630,Agosto,2021-08-06,908,459.36,Grãos - MAPITOBA,Defensivo,2674.98
15639,Agosto,2021-08-06,1213,221.76,Grãos - MAPITOBA,Sementes,6863.74
15720,Agosto,2021-08-06,3986,525.6,Grãos - Sul,Defensivo,21524.7
15740,Agosto,2021-08-06,4621,375.84,Grãos - MAPITOBA,Fertilizantes,113760.0
15760,Agosto,2021-08-07,485,16924.8,Grãos - MAPITOBA,Defensivo,210148.89
15852,Agosto,2021-08-07,4330,2775.6,Grãos - MAPITOBA,Defensivo,87390.96
15856,Agosto,2021-08-07,4405,416.16,Grãos - MAPITOBA,Defensivo,11263.07
15895,Agosto,2021-08-08,968,892.8,Grãos - MAPITOBA,Defensivo,9058.28
15914,Agosto,2021-08-08,1891,538.56,Grãos - Sul,Defensivo,14597.91
15937,Agosto,2021-08-08,2890,576.0,Grãos - Sul,Fertilizantes,211680.0
16009,Agosto,2021-08-09,876,2731.2,Grãos - MAPITOBA,Defensivo,75052.14
16104,Agosto,2021-08-09,4330,2775.6,Grãos - MAPITOBA,Defensivo,6242.25
16111,Agosto,2021-08-09,4515,1272.96,Grãos - Sul,Fertilizantes,166428.0
16112,Agosto,2021-08-09,4515,1272.96,Grãos - Sul,Sementes,90048.0
16114,Agosto,2021-08-09,4592,499.68,Grãos - MAPITOBA,Defensivo,5199.46
16152,Agosto,2021-08-10,968,892.8,Grãos - MAPITOBA,Fertilizantes,84600.0
16161,Agosto,2021-08-10,1394,685.15,Grãos - MAPITOBA,Fertilizantes,53680.0
16232,Agosto,2021-08-10,3986,525.6,Grãos - Sul,Defensivo,46847.86
16245,Agosto,2021-08-10,4621,375.84,Grãos - MAPITOBA,Defensivo,1655.59
16265,Agosto,2021-08-11,646,678.13,Grãos - MAPITOBA,Fertilizantes,144870.0
16274,Agosto,2021-08-11,876,2731.2,Grãos - MAPITOBA,Fertilizantes,1069720.0
16281,Agosto,2021-08-11,968,892.8,Grãos - MAPITOBA,Sementes,20080.17
16288,Agosto,2021-08-11,1213,221.76,Grãos - MAPITOBA,Defensivo,6172.83
16352,Agosto,2021-08-11,3412,214.56,Grãos - Sul,Fertilizantes,42525.0
16368,Agosto,2021-08-11,4076,246.24,Grãos - MAPITOBA,Defensivo,1613.19
16374,Agosto,2021-08-11,4330,2775.6,Grãos - MAPITOBA,Sementes,426909.0
16378,Agosto,2021-08-11,4588,512.64,Grãos - MAPITOBA,Defensivo,11192.73
16402,Agosto,2021-08-12,485,16924.8,Grãos - MAPITOBA,Defensivo,420297.45
16406,Agosto,2021-08-12,732,216.0,Grãos - MAPITOBA,Defensivo,3426.99
16416,Agosto,2021-08-12,995,513.6,Grãos - MAPITOBA,Defensivo,20548.02
16427,Agosto,2021-08-12,1394,685.15,Grãos - MAPITOBA,Sementes,30068.21
16500,Agosto,2021-08-12,4621,375.84,Grãos - MAPITOBA,Defensivo,9933.52
16607,Agosto,2021-08-13,3412,214.56,Grãos - Sul,Sementes,42052.5
16626,Agosto,2021-08-13,3986,525.6,Grãos - Sul,Sementes,91798.0
16636,Agosto,2021-08-13,4405,416.16,Grãos - MAPITOBA,Defensivo,16894.6
16664,Agosto,2021-08-14,556,1143.36,Grãos - Sul,Fertilizantes,298908.0
16671,Agosto,2021-08-14,995,513.6,Grãos - MAPITOBA,Fertilizantes,190610.0
16687,Agosto,2021-08-14,1635,560.4,Grãos - MAPITOBA,Defensivo,15628.93
16692,Agosto,2021-08-14,1779,285.12,Grãos - Sul,Sementes,60480.0
16769,Agosto,2021-08-15,556,1143.36,Grãos - Sul,Defensivo,43380.4
16786,Agosto,2021-08-15,1192,2391.84,Grãos - Cerrado,Defensivo,62977.34
16857,Agosto,2021-08-15,4076,246.24,Grãos - MAPITOBA,Defensivo,1613.19
16869,Agosto,2021-08-15,4532,226.08,Grãos - Sul,Sementes,12512.5
16882,Agosto,2021-08-15,4971,558.0,Grãos - MAPITOBA,Defensivo,26389.76
16980,Agosto,2021-08-16,3986,525.6,Grãos - Sul,Fertilizantes,65736.0
16984,Agosto,2021-08-16,4268,347.04,Grãos - MAPITOBA,Fertilizantes,24090.0
16993,Agosto,2021-08-16,4665,192.96,Grãos - MAPITOBA,Defensivo,2368.0
17009,Agosto,2021-08-17,485,16924.8,Grãos - MAPITOBA,Fertilizantes,391770.0
17039,Agosto,2021-08-17,1394,685.15,Grãos - MAPITOBA,Defensivo,1558.54
17141,Agosto,2021-08-17,4797,1346.4,Grãos - Sul,Defensivo,46813.58
17142,Agosto,2021-08-17,4797,1346.4,Grãos - Sul,Fertilizantes,168300.0
17174,Agosto,2021-08-18,876,2731.2,Grãos - MAPITOBA,Defensivo,50034.78
17217,Agosto,2021-08-18,2890,576.0,Grãos - Sul,Defensivo,19456.37
17237,Agosto,2021-08-18,3875,690.77,Grãos - Sul,Defensivo,10969.7
17266,Agosto,2021-08-19,95,7326.0,Algodão,Defensivo,215696.09
17289,Agosto,2021-08-19,995,513.6,Grãos - MAPITOBA,Fertilizantes,23340.0
17305,Agosto,2021-08-19,1635,560.4,Grãos - MAPITOBA,Sementes,17021.75
17355,Agosto,2021-08-19,3479,269.28,Grãos - MAPITOBA,Fertilizantes,85000.0
17377,Agosto,2021-08-19,4330,2775.6,Grãos - MAPITOBA,Defensivo,31211.09
17422,Agosto,2021-08-20,1045,700.6,Grãos - Sul,Sementes,5239.5
17504,Agosto,2021-08-21,345,172.8,Grãos - MAPITOBA,Defensivo,2117.48
17528,Agosto,2021-08-21,1213,221.76,Grãos - MAPITOBA,Defensivo,3928.17
17529,Agosto,2021-08-21,1213,221.76,Grãos - MAPITOBA,Defensivo,7856.33
17609,Agosto,2021-08-21,4665,192.96,Grãos - MAPITOBA,Sementes,23485.0
17625,Agosto,2021-08-22,488,505.44,Grãos - MAPITOBA,Sementes,79271.5
17658,Agosto,2021-08-22,1779,285.12,Grãos - Sul,Fertilizantes,63180.0
17717,Agosto,2021-08-22,4588,512.64,Grãos - MAPITOBA,Defensivo,5596.37
17730,Agosto,2021-08-23,95,7326.0,Algodão,Defensivo,862782.88
17743,Agosto,2021-08-23,622,685.15,Grãos - MAPITOBA,Defensivo,17117.35
17790,Agosto,2021-08-23,2802,11908.8,Grãos - MAPITOBA,Defensivo,135295.06
17804,Agosto,2021-08-23,3407,532.8,Grãos - MAPITOBA,Defensivo,11360.52
17840,Agosto,2021-08-23,4515,1272.96,Grãos - Sul,Defensivo,45596.37
17852,Agosto,2021-08-24,345,172.8,Grãos - MAPITOBA,Defensivo,1693.98
17855,Agosto,2021-08-24,485,16924.8,Grãos - MAPITOBA,Defensivo,52537.49
17868,Agosto,2021-08-24,1045,700.6,Grãos - Sul,Defensivo,91821.56
17937,Agosto,2021-08-24,3867,91.2,Grãos - Sul,Defensivo,18465.97
17976,Agosto,2021-08-25,622,685.15,Grãos - MAPITOBA,Sementes,149184.0
18015,Agosto,2021-08-25,2796,354.24,Grãos - MAPITOBA,Defensivo,9261.58
18048,Agosto,2021-08-25,4284,3457.2,Grãos - Sul,Sementes,541604.0
18055,Agosto,2021-08-25,4588,512.64,Grãos - MAPITOBA,Defensivo,2798.19
18074,Agosto,2021-08-26,556,1143.36,Grãos - Sul,Sementes,30324.0
18167,Agosto,2021-08-26,4487,298.08,Café,Defensivo,7604.94
18169,Agosto,2021-08-26,4532,226.08,Grãos - Sul,Sementes,3445.84
18249,Agosto,2021-08-27,3412,214.56,Grãos - Sul,Defensivo,49266.47
18250,Agosto,2021-08-27,3439,322.56,Grãos - Sul,Defensivo,55746.54
18264,Agosto,2021-08-27,4515,1272.96,Grãos - Sul,Defensivo,35825.72
18375,Agosto,2021-08-28,4868,555.6,Grãos - MAPITOBA,Sementes,85463.0
18376,Agosto,2021-08-28,4868,555.6,Grãos - MAPITOBA,Defensivo,18996.17
18458,Agosto,2021-08-29,3412,214.56,Grãos - Sul,Fertilizantes,20655.0
18465,Agosto,2021-08-29,3778,397.44,Grãos - Sul,Sementes,31626.0
18480,Agosto,2021-08-29,4665,192.96,Grãos - MAPITOBA,Fertilizantes,25620.0
18483,Agosto,2021-08-29,4797,1346.4,Grãos - Sul,Fertilizantes,374850.0
18521,Agosto,2021-08-30,1376,554.4,Grãos - MAPITOBA,Defensivo,2073.24
18558,Agosto,2021-08-30,3453,279.36,Grãos - Sul,Fertilizantes,3168.0
18560,Agosto,2021-08-30,3479,269.28,Grãos - MAPITOBA,Defensivo,3235.2
18571,Agosto,2021-08-30,3875,690.77,Grãos - Sul,Defensivo,1828.29
18594,Agosto,2021-08-31,408,573.6,Grãos - Sul,Sementes,50190.0
18638,Agosto,2021-08-31,2890,576.0,Grãos - Sul,Sementes,112560.0
18639,Agosto,2021-08-31,2890,576.0,Grãos - Sul,Fertilizantes,95040.0
18669,Agosto,2021-08-31,4268,347.04,Grãos - MAPITOBA,Defensivo,6813.18
18697,Setembro,2021-09-01,485,16924.8,Grãos - MAPITOBA,Defensivo,157611.77
18713,Setembro,2021-09-01,1045,700.6,Grãos - Sul,Defensivo,11721.91
18717,Setembro,2021-09-01,1213,221.76,Grãos - MAPITOBA,Sementes,33320.0
18738,Setembro,2021-09-01,2043,272.16,Grãos - Sul,Defensivo,34047.3
18764,Setembro,2021-09-01,3453,279.36,Grãos - Sul,Defensivo,6003.24
18773,Setembro,2021-09-01,3806,1307.52,Grãos - MAPITOBA,Defensivo,19449.33
18798,Setembro,2021-09-02,968,892.8,Grãos - MAPITOBA,Sementes,76986.0
18806,Setembro,2021-09-02,1394,685.15,Grãos - MAPITOBA,Defensivo,7792.65
18820,Setembro,2021-09-02,1779,285.12,Grãos - Sul,Defensivo,2834.41
18822,Setembro,2021-09-02,1845,564.0,Grãos - MAPITOBA,Defensivo,11225.01
18862,Setembro,2021-09-02,3806,1307.52,Grãos - MAPITOBA,Defensivo,8335.44
18869,Setembro,2021-09-02,4284,3457.2,Grãos - Sul,Sementes,429548.0
18966,Setembro,2021-09-03,3954,68.4,Grãos - Sul,Defensivo,164.72
18967,Setembro,2021-09-03,3954,68.4,Grãos - Sul,Sementes,2252.36
18982,Setembro,2021-09-03,4588,512.64,Grãos - MAPITOBA,Defensivo,13990.91
18989,Setembro,2021-09-04,95,7326.0,Algodão,Defensivo,431391.7
19018,Setembro,2021-09-04,1891,538.56,Grãos - Sul,Sementes,119000.0
19063,Setembro,2021-09-04,3867,91.2,Grãos - Sul,Defensivo,1199.09
19064,Setembro,2021-09-04,3867,91.2,Grãos - Sul,Fertilizantes,13662.0
19084,Setembro,2021-09-04,4971,558.0,Grãos - MAPITOBA,Defensivo,5864.4
19100,Setembro,2021-09-05,556,1143.36,Grãos - Sul,Defensivo,43380.4
19124,Setembro,2021-09-05,1891,538.56,Grãos - Sul,Sementes,15442.97
19127,Setembro,2021-09-05,1974,259.2,Grãos - MAPITOBA,Defensivo,893.06
19156,Setembro,2021-09-05,3875,690.77,Grãos - Sul,Fertilizantes,53136.0
19177,Setembro,2021-09-06,345,172.8,Grãos - MAPITOBA,Sementes,16786.0
19178,Setembro,2021-09-06,488,505.44,Grãos - MAPITOBA,Defensivo,15115.12
19182,Setembro,2021-09-06,556,1143.36,Grãos - Sul,Defensivo,51035.77
19207,Setembro,2021-09-06,2043,272.16,Grãos - Sul,Defensivo,12105.71
19241,Setembro,2021-09-06,3867,91.2,Grãos - Sul,Defensivo,1918.54
19250,Setembro,2021-09-06,4265,531.36,Grãos - Sul,Defensivo,2100.65
19252,Setembro,2021-09-06,4330,2775.6,Grãos - MAPITOBA,Fertilizantes,84120.0
19347,Setembro,2021-09-07,3953,172.8,Grãos - MAPITOBA,Defensivo,1227.61
19370,Setembro,2021-09-07,4797,1346.4,Grãos - Sul,Fertilizantes,359550.0
19399,Setembro,2021-09-08,1394,685.15,Grãos - MAPITOBA,Defensivo,18702.34
19440,Setembro,2021-09-08,3954,68.4,Grãos - Sul,Defensivo,164.72
19474,Setembro,2021-09-09,732,216.0,Grãos - MAPITOBA,Defensivo,7425.15
19475,Setembro,2021-09-09,732,216.0,Grãos - MAPITOBA,Defensivo,9138.64
19514,Setembro,2021-09-09,2890,576.0,Grãos - Sul,Sementes,33055.97
19575,Setembro,2021-09-10,1974,259.2,Grãos - MAPITOBA,Fertilizantes,54120.0
19598,Setembro,2021-09-10,3439,322.56,Grãos - Sul,Defensivo,2229.87
19599,Setembro,2021-09-10,3453,279.36,Grãos - Sul,Fertilizantes,3168.0
19677,Setembro,2021-09-11,3778,397.44,Grãos - Sul,Sementes,1374.66
19678,Setembro,2021-09-11,3806,1307.52,Grãos - MAPITOBA,Defensivo,19449.33
19679,Setembro,2021-09-11,3875,690.77,Grãos - Sul,Sementes,168756.0
19695,Setembro,2021-09-11,4532,226.08,Grãos - Sul,Defensivo,2282.56
19697,Setembro,2021-09-11,4665,192.96,Grãos - MAPITOBA,Defensivo,5683.21
19747,Setembro,2021-09-12,3407,532.8,Grãos - MAPITOBA,Defensivo,20827.61
19762,Setembro,2021-09-12,4284,3457.2,Grãos - Sul,Defensivo,91810.81
19795,Setembro,2021-09-13,876,2731.2,Grãos - MAPITOBA,Defensivo,25017.41
19820,Setembro,2021-09-13,2848,10130.4,Algodão,Defensivo,1229885.39
19829,Setembro,2021-09-13,3479,269.28,Grãos - MAPITOBA,Sementes,310.49
19837,Setembro,2021-09-13,3733,541.2,Grãos - MAPITOBA,Defensivo,19215.17
19868,Setembro,2021-09-14,968,892.8,Grãos - MAPITOBA,Defensivo,28986.46
19926,Setembro,2021-09-14,4621,375.84,Grãos - MAPITOBA,Defensivo,6622.35
19952,Setembro,2021-09-15,1891,538.56,Grãos - Sul,Defensivo,12352.08
19990,Setembro,2021-09-15,4268,347.04,Grãos - MAPITOBA,Defensivo,10219.76
20041,Setembro,2021-09-16,2890,576.0,Grãos - Sul,Defensivo,22699.1
20061,Setembro,2021-09-16,4284,3457.2,Grãos - Sul,Defensivo,55086.5
20063,Setembro,2021-09-16,4532,226.08,Grãos - Sul,Sementes,5505.5
20076,Setembro,2021-09-17,345,172.8,Grãos - MAPITOBA,Defensivo,423.5
20082,Setembro,2021-09-17,908,459.36,Grãos - MAPITOBA,Defensivo,8024.93
20099,Setembro,2021-09-17,2043,272.16,Grãos - Sul,Defensivo,756.61
20110,Setembro,2021-09-17,2796,354.24,Grãos - MAPITOBA,Sementes,5876.69
20125,Setembro,2021-09-17,3733,541.2,Grãos - MAPITOBA,Defensivo,17080.15
20149,Setembro,2021-09-18,408,573.6,Grãos - Sul,Defensivo,7579.01
20196,Setembro,2021-09-18,3954,68.4,Grãos - Sul,Fertilizantes,14040.0
20268,Setembro,2021-09-19,3867,91.2,Grãos - Sul,Fertilizantes,18630.0
20273,Setembro,2021-09-19,4076,246.24,Grãos - MAPITOBA,Defensivo,2419.78
20339,Setembro,2021-09-20,3453,279.36,Grãos - Sul,Sementes,60368.0
20345,Setembro,2021-09-20,3953,172.8,Grãos - MAPITOBA,Defensivo,818.4
20353,Setembro,2021-09-20,4515,1272.96,Grãos - Sul,Sementes,34831.13
20380,Setembro,2021-09-21,1779,285.12,Grãos - Sul,Defensivo,1417.21
20405,Setembro,2021-09-21,3412,214.56,Grãos - Sul,Defensivo,1919.48
20539,Setembro,2021-09-23,3778,397.44,Grãos - Sul,Defensivo,4636.71
20543,Setembro,2021-09-23,3875,690.77,Grãos - Sul,Fertilizantes,53136.0
20545,Setembro,2021-09-23,4087,5834.4,Grãos - MAPITOBA,Defensivo,190594.37
20565,Setembro,2021-09-24,732,216.0,Grãos - MAPITOBA,Defensivo,8567.48
20721,Setembro,2021-09-26,3954,68.4,Grãos - Sul,Sementes,12740.0
20724,Setembro,2021-09-26,4268,347.04,Grãos - MAPITOBA,Defensivo,2554.94
20785,Setembro,2021-09-27,3867,91.2,Grãos - Sul,Sementes,14007.0
20786,Setembro,2021-09-27,3986,525.6,Grãos - Sul,Defensivo,25323.17
20806,Setembro,2021-09-28,408,573.6,Grãos - Sul,Defensivo,1894.76
20876,Setembro,2021-09-29,1974,259.2,Grãos - MAPITOBA,Defensivo,6251.38
20877,Setembro,2021-09-29,2043,272.16,Grãos - Sul,Sementes,5795.19
20897,Setembro,2021-09-29,3806,1307.52,Grãos - MAPITOBA,Defensivo,5556.97
20910,Setembro,2021-09-29,4592,499.68,Grãos - MAPITOBA,Defensivo,12998.65
20930,Setembro,2021-09-30,1845,564.0,Grãos - MAPITOBA,Defensivo,2494.45
20936,Setembro,2021-09-30,2890,576.0,Grãos - Sul,Defensivo,14592.28
20942,Setembro,2021-09-30,3479,269.28,Grãos - MAPITOBA,Defensivo,1941.12
20943,Setembro,2021-09-30,3479,269.28,Grãos - MAPITOBA,Defensivo,8411.52
20948,Setembro,2021-09-30,3778,397.44,Grãos - Sul,Defensivo,7418.73
20953,Setembro,2021-09-30,3986,525.6,Grãos - Sul,Fertilizantes,41832.0
20959,Setembro,2021-09-30,4621,375.84,Grãos - MAPITOBA,Defensivo,9933.52
21026,Outubro,2021-10-02,556,1143.36,Grãos - Sul,Sementes,32605.47
21052,Outubro,2021-10-02,3412,214.56,Grãos - Sul,Fertilizantes,53460.0
21092,Outubro,2021-10-03,1635,560.4,Grãos - MAPITOBA,Defensivo,13675.32
21106,Outubro,2021-10-03,3439,322.56,Grãos - Sul,Defensivo,1486.58
21114,Outubro,2021-10-03,3953,172.8,Grãos - MAPITOBA,Fertilizantes,4360.0
21118,Outubro,2021-10-03,4076,246.24,Grãos - MAPITOBA,Defensivo,6452.75
21123,Outubro,2021-10-03,4532,226.08,Grãos - Sul,Defensivo,3195.59
21139,Outubro,2021-10-04,968,892.8,Grãos - MAPITOBA,Defensivo,21739.85
21188,Outubro,2021-10-05,1192,2391.84,Grãos - Cerrado,Defensivo,62977.34
21210,Outubro,2021-10-05,3412,214.56,Grãos - Sul,Defensivo,1279.65
21211,Outubro,2021-10-05,3453,279.36,Grãos - Sul,Sementes,10649.16
21221,Outubro,2021-10-05,4797,1346.4,Grãos - Sul,Defensivo,23406.81
21249,Outubro,2021-10-06,2808,547.2,Grãos - MAPITOBA,Defensivo,10074.29
21260,Outubro,2021-10-06,4087,5834.4,Grãos - MAPITOBA,Defensivo,205255.47
21272,Outubro,2021-10-07,556,1143.36,Grãos - Sul,Fertilizantes,103968.0
21296,Outubro,2021-10-07,2796,354.24,Grãos - MAPITOBA,Defensivo,8600.04
21305,Outubro,2021-10-07,3986,525.6,Grãos - Sul,Sementes,76692.0
21306,Outubro,2021-10-07,4265,531.36,Grãos - Sul,Fertilizantes,144720.0
21419,Outubro,2021-10-10,1779,285.12,Grãos - Sul,Sementes,573.31
21420,Outubro,2021-10-10,1779,285.12,Grãos - Sul,Defensivo,7086.02
21449,Outubro,2021-10-10,4797,1346.4,Grãos - Sul,Sementes,87688.52
21455,Outubro,2021-10-11,622,685.15,Grãos - MAPITOBA,Defensivo,15215.42
21465,Outubro,2021-10-11,1845,564.0,Grãos - MAPITOBA,Sementes,3380.83
21541,Outubro,2021-10-12,3954,68.4,Grãos - Sul,Defensivo,2141.31
21549,Outubro,2021-10-12,4868,555.6,Grãos - MAPITOBA,Defensivo,25328.22
21585,Outubro,2021-10-13,4515,1272.96,Grãos - Sul,Defensivo,52110.13
21595,Outubro,2021-10-14,485,16924.8,Grãos - MAPITOBA,Fertilizantes,3395340.0
21656,Outubro,2021-10-15,2802,11908.8,Grãos - MAPITOBA,Defensivo,169118.77
21673,Outubro,2021-10-15,4265,531.36,Grãos - Sul,Defensivo,10503.23
21691,Outubro,2021-10-16,1779,285.12,Grãos - Sul,Defensivo,2834.41
21716,Outubro,2021-10-17,995,513.6,Grãos - MAPITOBA,Defensivo,12087.07
21717,Outubro,2021-10-17,1045,700.6,Grãos - Sul,Defensivo,17582.86
21718,Outubro,2021-10-17,1045,700.6,Grãos - Sul,Fertilizantes,125748.0
21740,Outubro,2021-10-17,4284,3457.2,Grãos - Sul,Defensivo,48965.78
21744,Outubro,2021-10-17,4532,226.08,Grãos - Sul,Fertilizantes,43758.0
21759,Outubro,2021-10-18,1845,564.0,Grãos - MAPITOBA,Defensivo,19955.57
21761,Outubro,2021-10-18,2043,272.16,Grãos - Sul,Defensivo,12105.71
21778,Outubro,2021-10-18,3412,214.56,Grãos - Sul,Defensivo,3199.13
21794,Outubro,2021-10-18,4868,555.6,Grãos - MAPITOBA,Defensivo,20579.18
21836,Outubro,2021-10-20,488,505.44,Grãos - MAPITOBA,Defensivo,8138.92
21877,Outubro,2021-10-21,488,505.44,Grãos - MAPITOBA,Defensivo,15115.12
21880,Outubro,2021-10-21,1635,560.4,Grãos - MAPITOBA,Defensivo,27350.62
21910,Outubro,2021-10-21,4265,531.36,Grãos - Sul,Defensivo,9452.9
21931,Outubro,2021-10-22,2043,272.16,Grãos - Sul,Sementes,45752.0
21980,Outubro,2021-10-23,3439,322.56,Grãos - Sul,Fertilizantes,67932.0
22044,Outubro,2021-10-25,622,685.15,Grãos - MAPITOBA,Defensivo,1901.94
22075,Outubro,2021-10-26,408,573.6,Grãos - Sul,Defensivo,9473.76
22076,Outubro,2021-10-26,488,505.44,Grãos - MAPITOBA,Defensivo,4650.81
22102,Outubro,2021-10-26,4268,347.04,Grãos - MAPITOBA,Defensivo,8516.47
22121,Outubro,2021-10-27,1891,538.56,Grãos - Sul,Defensivo,5614.59
22134,Outubro,2021-10-27,4532,226.08,Grãos - Sul,Defensivo,4108.61
22158,Outubro,2021-10-28,2796,354.24,Grãos - MAPITOBA,Defensivo,6615.41
22169,Outubro,2021-10-28,4797,1346.4,Grãos - Sul,Defensivo,15604.55
22170,Outubro,2021-10-28,4971,558.0,Grãos - MAPITOBA,Defensivo,19059.27
22238,Outubro,2021-10-31,1213,221.76,Grãos - MAPITOBA,Defensivo,8417.49
22252,Outubro,2021-10-31,4405,416.16,Grãos - MAPITOBA,Defensivo,7884.15
22254,Outubro,2021-10-31,4532,226.08,Grãos - Sul,Defensivo,1369.54
22257,Novembro,2021-11-01,556,1143.36,Grãos - Sul,Defensivo,30621.47
22264,Novembro,2021-11-01,1192,2391.84,Grãos - Cerrado,Defensivo,100763.71
22295,Novembro,2021-11-02,1192,2391.84,Grãos - Cerrado,Defensivo,62977.34
22308,Novembro,2021-11-02,3407,532.8,Grãos - MAPITOBA,Defensivo,18934.19
22339,Novembro,2021-11-03,3439,322.56,Grãos - Sul,Fertilizantes,11016.0
22341,Novembro,2021-11-03,3867,91.2,Grãos - Sul,Defensivo,1678.73
22363,Novembro,2021-11-04,4797,1346.4,Grãos - Sul,Defensivo,31209.07
22392,Novembro,2021-11-05,4405,416.16,Grãos - MAPITOBA,Defensivo,13515.69
22438,Novembro,2021-11-08,646,678.13,Grãos - MAPITOBA,Defensivo,10042.19
22453,Novembro,2021-11-08,3954,68.4,Grãos - Sul,Defensivo,329.43
22498,Novembro,2021-11-10,3479,269.28,Grãos - MAPITOBA,Defensivo,2588.16
22499,Novembro,2021-11-10,3867,91.2,Grãos - Sul,Defensivo,479.64
22501,Novembro,2021-11-10,4087,5834.4,Grãos - MAPITOBA,Defensivo,87966.69
22504,Novembro,2021-11-10,4330,2775.6,Grãos - MAPITOBA,Defensivo,87390.96
22506,Novembro,2021-11-10,4515,1272.96,Grãos - Sul,Defensivo,39082.61
22529,Novembro,2021-11-11,3439,322.56,Grãos - Sul,Defensivo,5946.3
22533,Novembro,2021-11-11,3778,397.44,Grãos - Sul,Defensivo,9273.41
22553,Novembro,2021-11-12,3778,397.44,Grãos - Sul,Sementes,4392.5
22561,Novembro,2021-11-13,646,678.13,Grãos - MAPITOBA,Defensivo,10042.19
22582,Novembro,2021-11-13,3875,690.77,Grãos - Sul,Defensivo,20111.11
22586,Novembro,2021-11-13,4592,499.68,Grãos - MAPITOBA,Defensivo,6066.04
22593,Novembro,2021-11-14,485,16924.8,Grãos - MAPITOBA,Defensivo,630446.01
22671,Novembro,2021-11-17,1376,554.4,Grãos - MAPITOBA,Defensivo,12439.39
22699,Novembro,2021-11-18,4284,3457.2,Grãos - Sul,Defensivo,36724.35
22717,Novembro,2021-11-19,2890,576.0,Grãos - Sul,Defensivo,21077.74
22749,Novembro,2021-11-21,1045,700.6,Grãos - Sul,Defensivo,25397.46
22751,Novembro,2021-11-21,2043,272.16,Grãos - Sul,Defensivo,7566.07
22785,Novembro,2021-11-23,556,1143.36,Grãos - Sul,Fertilizantes,129960.0
22794,Novembro,2021-11-23,3778,397.44,Grãos - Sul,Defensivo,15764.79
22806,Novembro,2021-11-24,408,573.6,Grãos - Sul,Defensivo,18947.5
22821,Novembro,2021-11-24,3986,525.6,Grãos - Sul,Defensivo,13927.75
22832,Novembro,2021-11-25,3412,214.56,Grãos - Sul,Defensivo,2559.3
22843,Novembro,2021-11-26,1045,700.6,Grãos - Sul,Defensivo,25397.46
22869,Novembro,2021-11-28,908,459.36,Grãos - MAPITOBA,Defensivo,10699.9
22899,Novembro,2021-11-29,3986,525.6,Grãos - Sul,Defensivo,18992.38
22927,Dezembro,2021-12-01,1779,285.12,Grãos - Sul,Defensivo,6377.42
22931,Dezembro,2021-12-01,4515,1272.96,Grãos - Sul,Defensivo,32568.84
22950,Dezembro,2021-12-03,1891,538.56,Grãos - Sul,Defensivo,12352.08
22957,Dezembro,2021-12-03,3733,541.2,Grãos - MAPITOBA,Defensivo,4270.05
22985,Dezembro,2021-12-05,3439,322.56,Grãos - Sul,Defensivo,3716.44
23009,Dezembro,2021-12-07,1891,538.56,Grãos - Sul,Defensivo,16843.74
23016,Dezembro,2021-12-07,3875,690.77,Grãos - Sul,Defensivo,21939.39
23034,Dezembro,2021-12-09,3875,690.77,Grãos - Sul,Defensivo,27424.23
23046,Dezembro,2021-12-10,3453,279.36,Grãos - Sul,Defensivo,4802.6
23076,Dezembro,2021-12-13,408,573.6,Grãos - Sul,Defensivo,24631.75
23086,Dezembro,2021-12-14,1045,700.6,Grãos - Sul,Defensivo,23443.81
23099,Dezembro,2021-12-15,2890,576.0,Grãos - Sul,Defensivo,9728.19
23118,Dezembro,2021-12-16,4284,3457.2,Grãos - Sul,Sementes,111583.53
23124,Dezembro,2021-12-17,2043,272.16,Grãos - Sul,Defensivo,9079.28
23143,Dezembro,2021-12-19,3954,68.4,Grãos - Sul,Defensivo,1317.73
23144,Dezembro,2021-12-19,4265,531.36,Grãos - Sul,Defensivo,12603.87
23159,Dezembro,2021-12-21,3412,214.56,Grãos - Sul,Defensivo,5758.42
23185,Dezembro,2021-12-23,4265,531.36,Grãos - Sul,Defensivo,1050.33
23211,Dezembro,2021-12-27,3867,91.2,Grãos - Sul,Defensivo,239.82
23215,Dezembro,2021-12-28,876,2731.2,Grãos - MAPITOBA,Defensivo,87560.83
23222,Dezembro,2021-12-29,1394,685.15,Grãos - MAPITOBA,Defensivo,1558.54
23236,Dezembro,2021-12-31,408,573.6,Grãos - Sul,Sementes,163954.0
23243,Dezembro,2021-12-31,3439,322.56,Grãos - Sul,Defensivo,5203.01
23246,Dezembro,2021-12-31,4797,1346.4,Grãos - Sul,Defensivo,46813.59
